SKU,Stock,Regular price,UPC
B00YTN1E9U,10,79.2,99575893964
B09XXJXQP2,0,0,
B09Q7KRX5P,10,33.15,44459006329
B09Q7QL613,10,36.63,44459063193
B0899TLXGX,0,0,653858018873
B001445IZ8,10,50.18,26137050602
B0755N6CSR,0,39.99,21299193990
B07L2JRHRQ,10,41.59,635414975837
B07DPD7N38,10,39.99,785421883301
B087CBWCY5,10,37.18,628055631712
B09S19DHTJ,0,0,
B0012QKOIY,0,40,716352055406
B083JZ5XC9,0,56.99,
B07XQDP5X9,0,0,797241713959
B09RYPYQYZ,5,85.59,
B088TTNWTY,0,0,
B07HM5JCCJ,10,42,
B09Z9HGSJS,10,49.19,
B079SCYJK9,10,30.09,817035020312
B06ZYD6R57,0,0,685642913323
B07FL2HD9T,5,96.79,656516592081
B07BJJ2K4G,10,39.99,799899766141
B07BJH9J49,10,31.99,799899741810
B07BJHRMPR,10,20.79,799899590814
B07BJHZ1TT,10,61.6,799899978643
B07GHBJMSB,10,39.2,657631453172
B07BJHNCSS,10,35.19,799899756494
B07BJHWKWF,10,43.19,799899958379
B00GNYJUQW,10,51.59,12300980418
B08T5QX7M6,10,55.99,
B0008MFBZE,10,33.33,710858007631
B088GS4GL5,10,47.99,
B07RF2YQMH,10,39.99,850007398170
B07RG1QQSD,10,35.99,850007398163
B07RD1TQKN,10,23.99,850007398156
B001BBKNI6,10,58.42,744745164336
B00462C7D6,10,59.98,858108000534
B0B72XCP4R,10,37.38,764271763339
B00871SPG0,0,41.54,764271070277
B08TZW7TB2,10,31.19,783907295747
B082XVLVVW,10,47.19,781827416426
B08R7TK48H,5,95.99,
B09QY19TXC,10,35.99,612666771509
B08HMV12H6,10,46.39,779139997498
B09VJ8D89W,10,31.96,745781697291
B011D17FDY,10,78.4,
B07F1DXGCL,10,67.98,816227016621
B07FNN38XR,10,35.99,764823789824
B07RYRYK96,10,18.39,727040881542
B07FNPMKZY,10,33.59,764823789893
B07FNQ9YVV,10,31.19,764823789855
B07FNQ4G8M,10,17.59,764823789862
B07RYR267B,10,63.19,727040881566
B07FNRK28G,10,19.19,764823789886
B07RZQ6B96,10,61.58,727040881597
B07FN299MK,10,63.99,763769603294
B07RXQFV6Z,10,32.79,727040881559
B07RYRJBS4,10,30.39,727040881580
B07FNPFSJM,10,68.79,764823789817
B07RYS5151,10,16.79,727040881573
B07FNRHHQS,10,62.38,764823789848
B07FNV4J55,10,19.19,764823789831
B01E70BBCE,0,0,
B01E6XJRDC,10,54.39,754610696947
B07X9L4G75,10,45.59,
B07XBKPTQL,10,50.39,
B074K3RZNV,10,59.19,754610697692
B09YTWBJP4,0,0,
B0B35K55YZ,0,0,
B08X1SQQK3,5,110.04,841821075095
B006P1RL9G,10,30.59,884389102865
B08P4LN1XX,10,50.39,770240943893
B07Q4XBP33,0,0,
B07Q5VMP5N,5,135.99,810744035721
B0832QXJVJ,10,31.99,742440824883
B000CFPXPU,0,75.58,36577011170
B09MSGVXNB,10,27.99,779953084350
B09KM625MG,10,23.99,770490066113
B09QT19C87,0,0,727238390733
B07W4DS2QT,10,31.88,782429037668
B09M9XKPFW,10,52.78,
B08V4PZQ1Y,10,63.19,780744034317
B07KWQ2PMQ,10,55.99,788000773918
B07KWSJSSD,10,39.19,788000773901
B000JJDI0G,10,35.19,891618001301
B074KGHNGT,5,111.19,33259008978
B01FFAMH78,10,29.6,68888765084
B09215NDYC,10,31.99,726667685724
B08BZJ3QKF,10,31.99,631112055574
B09HJXMNZ6,10,33.59,631112082358
B09HJV86QQ,10,30.39,631112082365
B09HJV8Q9J,10,34.39,631112082372
B08BZJQ9T5,10,31.99,631112055581
B001I1P0ZA,10,37.54,764271070512
B07VVRVLPD,10,71.2,
B07KWRS18C,0,14.99,788000774014
B001THIPQE,10,49.38,
B001THCJ2A,10,76.44,
B001THEHDO,5,82.59,796519020126
B004FOV894,5,145.38,33259173881
B001THIPQY,10,55.03,796519020218
B001THGLL0,10,71.99,33259023667
B001THIPRI,5,137.59,33259173843
B001THB47G,5,90.54,796519020140
B07QNMCVWP,10,32,92644692406
B000I6NF6W,10,26.36,857899001096
B004QE67LC,10,51.8,722532275618
B09W68X4HJ,10,43.96,850037706037
B081TWSCDW,10,29.99,810029081719
B081V4PQKC,10,20.99,810029081665
B0871W7QCQ,10,25.79,810029084963
B0871VKX85,10,29.99,810029084987
B0871VPNH9,10,25.19,810029084956
B081TWM33J,10,25.19,810029081689
B0871VWLX3,10,24.31,810029084949
B0871WQGNY,10,20.99,810029084932
B081TX76WL,10,22.79,810029081672
B0871VP4JX,10,29.99,810029084970
B09TXCLHCB,10,47.99,
B01AR8UGZI,10,47.99,608442621526
B01NBTB717,10,43.19,645635626517
B089LV8PN8,10,29.59,619470159790
B07Z569NQS,0,0,
B07Z5SDZHD,10,77.6,
B09NM8JRJV,0,0,
B005G2RY6U,10,55.16,724920101592
B00P18EU7A,5,101.56,724920121484
B01I56RV0C,10,57.37,85422266029
B07GF9FTBV,10,29.59,641055669806
B07GFQZCD1,10,43.99,704119288655
B0089HDZWQ,10,47.99,891618006245
B0089HDZYY,10,19.99,891618006184
B08VWCSG7G,0,50.49,92644800160
B09WJKKBP2,10,47.99,92644800641
B0B6SP6LY3,0,0,
B00204CDRW,10,38.4,48476081451
B08KLB8S7J,0,0,815449024070
B08KKTQ72T,10,10.39,815449024094
B08KKVV16S,10,11.57,815449024100
B0B54ZYDBK,0,0,
B08SRV8RNR,5,94.62,
B08CF7FVWW,5,120.78,
B08G4YFFKR,5,92.78,
B08G4YXFL3,10,66.62,
B08BGBFBXK,0,64.99,851510006552
B07QVF2V2R,10,31.99,741025730748
B01N3M3ZXD,0,44.77,317163061985
B0B6TCM1TS,0,0,
B0B29H8VR9,0,0,
B07B7LBFVL,5,133.98,
B09LGSV52S,0,0,
B085MYZHBS,10,47.83,614042810284
B08DCWG2S3,10,47.98,738629312432
B004304C0W,10,63.99,837654533123
B0042Z0E6E,10,66.05,837654533246
B004306VTC,0,0,837654533161
B0042Z307E,5,91.99,837654533215
B09BHPST4H,0,0,
B08Z82JRXN,10,47.99,727536763772
B07KXZ5VL5,10,79.99,700729149416
B0033WDG58,0,38.49,612314511105
B08L89ZZHR,0,0,
B08STYNT2F,0,0,857514006789
B091MX52TN,10,25.59,764690267272
B08FFM21WQ,0,0,
B07JH2JVQT,10,58.39,850000032026
B0019LZYW8,10,48.86,737765777730
B08K8DGJPM,0,0,
B08K87D853,0,0,
B01NAU762Z,0,0,
B002N5T3SK,10,53.33,19079401519
B002N5J858,10,41.5,19079401502
B0023UPPL4,5,80.43,19079401533
B007S3N5RC,10,46.95,19079441515
B007S3LC0E,10,74.45,19079701534
B007S3NEN2,10,38.3,19079701503
B01M01183G,10,51.5,19079434609
B01N4X7MTG,5,83.89,19079450944
B07P132SNL,0,0,810963032068
B07Z4SWCHT,10,51.99,
B094C89S56,10,35.98,760655690406
B08S7HWX1H,10,63.19,734658091614
B00K7FKVWK,5,95.96,705016500444
B07BMTSSTB,0,0,
B01CWL4GY0,10,30.39,736950430900
B07ZHB4BBY,10,29.59,674862314898
B09L6ZLP85,10,30.39,781871034171
B07QK43L8B,10,51.59,
B00VNHXTVG,10,51.99,840855112073
B00KU14YJM,0,64.99,840855102159
B00KU14TRY,10,47.99,840855102142
B08TTYY62N,10,42.39,
B091TCBB8P,10,31.19,769891309769
B091T7H6W4,10,51.19,769891309752
B000JCCRGY,0,17.88,641330015304
B00ELHTC1G,10,51.96,641330065309
B07CVG9BBJ,0,0,
B0161PG4UC,10,75.96,96481914646
B07HNT8SQL,0,67.25,738678993880
B00L9G9O38,0,127.99,701003154355
B01NACQJ94,5,104,850666006775
B00JFG6YOG,10,71.96,717449049285
B084HRSSWB,0,0,
B004JMZGL8,10,59.96,86279031396
B08G4Z26GB,5,103.14,
B0000A1ZN0,10,43.96,14445104223
B000PYF71I,10,55.96,86279020031
B0937921SW,0,159.85,
B0783RS8RG,10,48.74,86279129116
B08G528HP6,5,93.46,
B079C4B83B,10,58.13,86279140777
B0B6V4TRTT,5,135.9,
B00ALDPXE4,5,157.6,86279172389
B087BBMKFW,10,19.96,86279175229
B00452NT2U,10,30.75,86279032706
B07Q1S7GGJ,0,154.99,817915025710
B07BF91M9L,0,72.99,817915022801
B00I5WSO8A,10,52.54,854961005075
B00BOASJ1M,10,52.13,662425058518
B0943MVY1K,0,0,
B016LLLXJS,0,69.95,852659947454
B004Q4DRJW,5,139.19,56456363
B00BWIWYBW,5,119.99,723794912938
B07J9QRVDM,0,79.99,657631398084
B007CMEVD6,10,72,611267337589
B08JB6GQH2,0,0,
B08PR3XD36,0,0,
B0045LQTNC,5,281.08,16145191947
B08BZNJYW1,0,102.84,
B0749YNTT8,0,0,729083950100
B01JKDAN2M,0,99.99,853975005569
B08BLHXHQR,0,0,
B00LPV2NZ8,10,61.74,885155006226
B08H7DX3F8,0,0,
B08H7DL7XB,0,0,742939489074
B07TZ2WVQM,0,0,
B08H7G45CK,10,55.99,742939489517
B0B1CBVN6R,0,0,
B09YM1ZPR2,0,0,
B083C2DTKX,0,0,
B01GE77QT0,0,56.99,
B085KZXS6N,0,56.99,
B09M6V87KB,0,60.99,
B083TS85D6,10,67.19,
B094DB63P9,10,76.79,
B08B5XL65X,10,60.79,
B098SQ11M6,10,67.19,
B0868614XW,10,60.79,
B08BHV6ZC2,10,67.19,
B00BWYO0LI,10,58.46,92926180034
B09ZDH3MFX,0,0,
B00XPRRHYW,10,67.92,883049375700
B07RJB9C55,0,0,765756059657
B07GK77Z7C,5,95.55,883049478487
B07BJCJ7JH,0,93.18,733538892891
B08NJRQTKG,0,0,
B00ZEAEUUC,10,73.6,723987199979
B00115R6GO,5,99.86,16145080906
B093GCGPKJ,0,69.69,194343116495
B07YYRYTXF,10,44.79,
B089SVKBV4,10,59.19,194343004587
B09XF3V5G8,10,57.59,194343120652
B07K4CH6ZN,0,99.99,840985116576
B005KMDV9A,0,196.99,622356531191
B0B5FKLMP2,0,0,
B00LPV2KL0,10,69.2,885155007827
B0B13Q98G6,0,0,
B08JCYCRWN,0,61.02,816458024068
B07HD3JP2Q,10,55.99,816458022880
B07VNTFKFJ,0,58.93,816458023641
B0146PM688,0,0,21713945778
B001F9Y9FC,0,0,
B07QKH1DB1,0,102.99,192389594956
B01LLH5ZMI,10,52,810841012076
B00NWZ1RCK,0,0,
B005ECHSCC,0,88.61,885612035943
B07QG5NMWN,0,35.99,631105787338
B00J2DGTD8,5,122.21,705332529235
B07C2Q3XHX,0,0,
B07V82JP44,0,0,
B085DB7675,0,62.99,
B08RHP6738,0,49.99,
B08MKLR5KR,0,63.99,
B0093162RM,0,159.95,75020031754
B01MSQR6Q1,0,0,616010960977
B08CS9461L,0,0,
B08CF8Q2RL,0,162.31,
B0125S2K0M,0,204.7,811691020778
B0B3538Y69,0,0,
B001EY8XUK,0,36.7,84691103288
B00TT9I2PS,0,0,
B06W9GJLFN,10,54.88,98268117790
B0053Y6S1S,0,0,98268117806
B002YOQ0C2,0,72.41,99351531158
B004OZRIOI,0,103.33,99351153312
B09ZKPJ9F2,0,0,
B01C5C5QGS,0,0,798154114277
B00JMALYC2,0,91.94,98268117813
B00ODEKPG8,0,58.16,99351531097
B0088I6ZA0,10,31.19,99351531028
B06W55PCQ5,10,18.39,840814135129
B003XELTTG,0,189.61,662425013449
B0015BXBC2,0,72.1,650531385765
B01LR8312W,0,109.99,641990962093
B071WM41B1,5,122.18,819561010799
B09Y2GGMWM,0,0,810004172593
B004S7TAK2,5,131.41,90259890538
B015JG6V6Q,0,57.95,680270811553
B0B319N6GM,0,0,
B09VT94KZD,0,65.63,
B08GPVNM79,10,53.34,
B07DVD2BVR,10,54.63,708210128148
B09VT8C5BR,0,68.29,
B07WBYB4NQ,10,55.39,
B09VTBZ41M,0,69.24,
B07C2V13YT,0,57.99,
B08FC6BDJG,0,0,
B004CMTQXY,5,81.06,10973626510
B08J33Y254,0,171.08,
B002OED6JW,10,55.81,706943149577
B002OED6IS,10,69.27,13310000301
B002OED6K6,10,60.8,13310000356
B002OED6J2,0,0,9243998556
B08J2YDGD8,0,157.78,
B002OED6II,10,77.39,9243123392
B004SNMJUY,10,45.17,13310000387
B08PR8VC14,0,0,
B0B1H45BMN,0,132.36,
B000HM9MAA,0,125.36,16145002007
B095KGXPW5,0,89.99,810043375023
B08FHZTYJB,5,143.99,810043372084
B0B548JK7B,0,0,
B01HQGUBVS,0,54.99,80213055820
B08H2CD7ZF,0,0,
B0892YRZZV,10,47.99,194343003597
B089Q1Z5XN,0,49.99,194343004143
B07MFYQBTX,0,69.99,753936421172
B073SKH39W,10,75.99,689122009711
B07FMFJCYN,0,79.95,680270811775
B07Z4VX4DZ,0,85.68,
B07SR2JCMH,0,83.23,
B08CS6CVHB,0,72.99,
B011U1LIK8,0,71.99,773822033005
B07FR384L6,10,45.52,674862300952
B085WWWJTV,0,0,
B0856YGV4J,0,48.99,85479854729
B01C9RIAE4,10,75.06,773838086958
B003Z96GR4,0,199.99,
B000923524,0,149.95,804087020247
B0B31C9BJ2,0,0,
B08B3XVJ6R,0,89.99,
B07MJQZ493,0,82.39,
B09VT9VYVY,0,84.74,
B07VFG5K8J,0,84.74,
B09VTBDT18,0,75.51,
B09VTB26M6,0,89.99,
B09VTCMM4J,0,79.99,
B00DBRL4N6,0,0,38861106845
B09BMZQXJ6,10,53.04,
B09BN644WR,10,52.79,
B089SPR4V8,10,46.08,
B09BN11XL5,10,60.79,
B07H8WTFHW,10,79.96,
B07N5MJH63,10,43.96,723987999951
B075QP7SCP,10,78,58465803360
B09YLTJB7L,5,111.99,850041700014
B09MJWFL31,5,95.99,
B08PVTKN4M,10,9.27,677998313636
B08PNQW3RP,10,23.19,789605420764
B096WPL47Q,10,10.38,816325015175
B07YN8GL9T,5,118.4,58465812164
B09JG8WR41,0,0,
B09JG89W4S,10,19.59,757837822083
B09JG9HL6F,10,19.59,757837822106
B08VS8T7MR,0,0,
B09LM1H5N9,0,0,
B082C9ML88,5,95.99,850014439026
B09VP6WJJQ,0,0,
B09TQKFQMG,5,111.99,768470415945
B095WPQDGD,5,95.99,764710581685
B09TQLQ71H,5,111.99,768470415952
B098LH9VBT,0,0,
B092LMCZ3D,0,0,
B092LH6Z28,10,15.18,850009354280
B07X5VTGHT,10,12.78,644730790994
B09KPC4HNK,0,0,
B077BPDF8S,5,95.99,854115007382
B09BVKDQMB,0,0,
B095M5PJHS,5,114.66,
B08P5XQQMJ,0,0,
B07LHDCDCD,0,0,
B07LH9LXRS,5,95.99,843342143253
B07XV2VPD9,5,87.99,843342185376
B07RDMLF5J,5,95.99,843342161806
B07LHBRG6C,0,0,843342143246
B08N5HVL29,5,95.99,840133929287
B09NP5WPTB,0,0,
B09YRM17ZL,10,13.59,735940312004
B09SL1JM9H,5,7.99,735940311694
B071S882FS,0,0,753677310810
B07289SPTP,5,116.34,753677310797
B0714CPF1S,0,0,753677310803
B01MA5KRGN,0,0,753677310766
B01M3QINCM,10,54.69,753677310742
B071VT13HV,5,96.55,753677310780
B01M9CQVOB,0,23.38,753677310759
B0711SQ42K,0,0,753677310827
B00I0BVP9Q,0,40.99,753677310056
B00I0BS5JY,10,15.57,753677310049
B07X7D3BC9,10,23.98,793610685704
B0995JS7K9,0,0,
B07P4D9K39,10,64.76,850970008083
B09QPN578G,0,0,
B09MQDXP86,10,23.99,797505914962
B09N72XPK3,0,0,
B01CW4ASS0,10,39.99,
B00O8NVPBI,10,31.99,19962005008
B07X134Z5Y,10,63.19,882807401866
B09ZPFB5L4,0,0,
B07B9WNBBT,10,31.99,
B08T2GVF6G,0,0,
B07GB2T125,10,25.58,652054129246
B08YGH3S12,0,0,
B01CW4BZQO,10,62.39,
B01N4C1OQN,10,47.99,602105019804
B01CW4BVU4,0,0,
B0035PQGKU,10,39.91,12301807356
B07DFFX34P,10,31.99,848061055597
B0B4WM5CB8,0,0,
B07YD4XHFC,10,71.99,673869935051
B09HSKJ2YS,0,0,
B01GXQMP66,10,24.79,741498317088
B07R3WY95C,10,63.98,848061058437
B07VNKQR15,0,0,767311992676
B08LGV7NPP,0,0,
B07NRTV8PF,10,25.55,710917966237
B09HYVTB87,0,0,
B0716T7XVQ,10,31.19,709311396085
B000CIPHUI,5,167.96,734357214819
B012T634SM,10,29.59,856915005155
B07RQVL8D5,0,49.99,50875820098
B009NIRA1M,10,27.6,50875807501
B00EI7DPI0,10,60.62,40094920648
B0BCL798D9,0,0,
B0B86T4QW1,5,92.25,
B0B9B3RFD2,0,0,
B09P12KZ3P,0,0,
B003ZDNILM,0,48.77,34264428676
B01N9C9QR1,10,31.99,50875819061
B07RJB3SR8,0,0,
B08YFGLZM1,0,0,
B0B494MH6T,10,72.05,
B094HP799G,0,0,
B08R463RVT,10,69.59,84691857945
B0019MLLCO,10,47.74,34264415652
B07CDQNRGX,0,0,
B08GG8Z1NV,10,48.9,94046803138
B07CTBHQZK,10,42.39,818049020817
B00939FV8K,5,88.8,622356532099
B09XF6N9HY,10,39.99,
B09MQM3GQN,10,29.6,752730004956
B073D8W6J6,10,55.99,50875820128
B07KGD6FV5,0,0,
B0081PTLGU,10,56.3,13219003335
B002DYIZHG,10,29.2,742128584191
B0855BL69Y,0,94.5,705016353446
B09W48D9LX,0,0,
B099J4JWFQ,0,44.99,705016356201
B01LTHKZF2,10,47.99,14347082315
B099J2SWXV,0,44.99,705016358205
B006OC444Q,10,35.99,689978791938
B099HXNRKK,0,39.99,
B0B1PQNC12,0,0,
B0855PRCBV,0,0,
B00HJR6SNK,10,47.59,616312824113
B092TNCKQB,0,0,
B00EACZ2SE,0,107.26,705016560035
B00EACSHF4,0,65.94,705016560080
B08DBTH6CK,0,0,
B002SG7NDQ,0,41.02,705016224463
B009M3RR02,0,89.95,705016226122
B007L4QMGO,0,67.44,705016226146
B005UO5D12,0,43.64,705016226085
B00JXP38MU,0,97.95,616312824205
B06XKW15XQ,0,0,
B09KTL6MQK,0,0,
B07BB9ZQDY,0,89.99,40094338665
B09XRKFQY7,0,0,
B0B6V4Y8C3,0,0,
B08X1NWN33,10,63.99,40094338696
B0B6V3R6DL,0,0,
B00004X12T,10,31.99,40094742509
B005EPRF1I,0,99.99,40094298822
B0863H2P5D,0,0,
B004DPHKBA,10,76.79,34264440203
B07C8V4FDR,0,125.99,86279171801
B09S444N2N,0,0,
B09RYYGJXR,0,0,717056129882
B0839PKH18,5,95.98,880260909998
B07684XDM9,5,95.99,40094298853
B07Y4RT82R,0,0,
B07VCFD13V,10,58.25,
B09CQ62DH2,0,0,
B08SJTRDLS,0,0,850014439538
B07D82LJ4Q,5,103.2,72244474138
B0B9TNWWMP,0,0,
B081NLFM91,0,0,817915029664
B08NNL7762,0,0,
B08NMZBNN4,10,79.1,810051852295
B08NMXWLXR,0,69.99,810051852288
B08GG8WJRZ,5,95.82,82677004307
B08L9R5592,0,125.99,69858247074
B08R4YBJ5X,0,0,
B08QDW4JQL,0,101.63,58465818463
B08HSQ3YFR,10,71.99,58465812805
B01M6W6KPB,10,70.91,
B00DMI632G,10,19.99,25706347532
B005PO558I,10,34.25,736211514691
B082XCHTHD,10,47.99,842893120638
B07T2LCKNF,0,0,817915026137
B085W3GN5J,10,75.16,810043371766
B0B6JLHTCM,0,0,
B08R6KMBQT,5,87.96,810028584327
B08K8T3W2V,5,119.99,810043373036
B09WKY88B1,0,0,
B079Q671Q5,10,27.99,11172431745
B00XCHCCC2,10,32,11172431301
B00MYXCVUI,10,31.38,11172431455
B07T2LGN8P,0,0,817915026113
B0BCWYKPZ7,0,0,
B0936FGLQS,10,66.32,810043374538
B0B35C8Y9M,0,0,
B09K6MK5VN,5,152.79,810028585560
B0B82XKSSH,0,0,
B0895GS9NW,5,159.99,810043371421
B0B35BT8F8,0,0,
B07VT23JDM,5,111.16,857561008842
B0B86S36F9,0,0,
B08NB1VGBK,5,171.6,810028582187
B00005IBXJ,0,91.99,21112255287
B01LZZGH3R,10,27.99,829486146077
B0B9YD8GLR,0,0,
B0764492S9,10,63.92,75536462226
B096L33K8Y,5,118.39,75536450254
B096KZVR6H,10,79.92,75536450438
B013FDOY96,10,63.92,75536463032
B08R55BQW5,10,63.92,75536463261
B002NU6LOY,10,23.96,11172447036
B003CFBS06,10,21.78,11172447005
B019N9W93O,5,104,76501132823
B01C5QSENQ,10,18.35,783956541840
B00Q8HN0NI,0,0,679113375093
B01JYY7M5S,10,67.99,817354011633
B00CBOFS8M,10,31.99,850003903026
B0016WRHUW,10,37.08,23063954639
B09P1GN6PN,10,31.99,850034374253
B0007ZF4OA,10,19.99,94733085892
B09ZYP6JL8,0,0,
B07BVRMHWS,10,15.99,817915022979
B09DRLH65R,0,0,
B09DR857JF,10,37.99,817354014726
B01JYY7M0S,10,35.99,817354011602
B0845MP57D,0,0,
B016HM7QRE,10,12.15,713382790994
B083YYS862,10,25.97,54269003715
B083Z6VDD7,10,22.26,54269003708
B000KC009Y,10,50.79,47815001006
B086J89L6J,0,0,
B005G0XFEM,10,31.98,76501082203
B0742T8LRM,0,0,
B08WNMF4C4,0,85.99,815457020101
B00HWF6L54,0,0,
B089X51CJD,10,39.2,815457020088
B09GBSRYW2,0,0,
B0006A3042,10,38.24,717056114925
B0B7VV5XMP,0,0,
B06W53ZJ8J,10,10.39,856757006563
B010XQZIBQ,10,10.39,827165730135
B0169N1YMO,10,20.24,69877730700
B01MTXBOA6,10,11.99,304061104418
B06XP2Y5Z5,10,13.02,365250703096
B09R88DBB3,0,0,
B08C3M7M9M,0,0,40094254835
B08C3PGW29,0,0,40094254828
B00EI7DPOO,0,0,40094920853
B0B82RGQLG,0,0,
B06XSGK3JR,10,20.42,817096013841
B07MLJR4M7,10,13.24,817096015142
B07M6ZVKJR,10,19.71,817096015173
B0776YPYG6,10,15.98,817096014176
B073ZGGCWX,0,0,
B073ZGDY1R,5,7.99,850030330062
B01GFQFGFQ,5,6.7,728293063334
B078YTR8P8,5,6.78,850030330048
B09SV5PM9T,0,0,
B094PVXBWT,10,15.19,850027619323
B098RDGJNQ,5,112.01,622356582711
B094XBQ7S5,0,69.99,86279189547
B08K1C7V1N,10,55.99,86279182043
B09QH1R2LW,10,55.9,86279198648
B004UBMRKG,0,49.99,791769497292
B0BBWGG4T4,0,0,
B0872YWPK8,0,0,
B009GQ034C,10,31.12,86279046819
B009GQ032E,10,39.96,86279046826
B00D25P82U,10,49.59,86279049476
B0B96C3PWW,5,115.16,
B0BC8Z8ZHY,0,0,
B01BOU6DLE,5,109.2,611247358986
B09XC8TZ7F,5,86.38,
B0BDSNDZB8,0,0,
B09Y9LL7L4,0,0,
B09XRMLLBS,0,44.2,
B0000CFNE3,0,33.05,45473141614
B0B6V4LRKJ,10,34.72,
B0B498Q6W6,0,109.94,
B077KBYKDG,0,99.95,86279132871
B09DXZ9R4Y,5,138.39,701705957056
B0BBTWZQP1,0,0,
B08BGB9Q62,10,22.03,885395103129
B00FFLY64U,10,22.39,34687233307
B08BH5BGDW,10,22.39,885395103143
B09M86L3QB,0,0,
B01LQ2PZDW,10,20.79,699965336844
B00LOCYKIQ,10,14.9,
B06VYHSYJX,10,33.59,699965336806
B075X1KPLZ,10,27.98,
B00KVZ27UA,10,18.32,40094923687
B0000BYCFU,5,124.39,71160329331
B08YT1894V,0,0,
B07588SJHN,0,0,859716007205
B076FL9GSR,5,87.99,86279129338
B0BCL354SY,0,0,
B00K0JY7XW,5,129.46,32406054783
B01C8DZI8K,5,115.99,32406058538
B00EXLOW38,10,49.76,32406107373
B07LB4X26D,0,0,
B07QXFGN5V,0,0,
B09WX7VJR7,0,0,
B09SBSGLSS,0,150,622356588294
B09Y74DVZQ,0,0,
B0B29HKMD8,0,49.99,86279201706
B0791T3QN5,0,0,86279096722
B000TVQVB2,0,44.95,39919612172
B08Y5VWQ1J,0,0,86279185587
B0000645YL,0,38,86279000309
B09Z7LS5MD,0,0,
B01JCECRTG,0,199.95,86279097606
B0B6V3JG9M,0,129.9,
B00MVWGFP4,0,141.34,86279080370
B00MVWGFKO,0,99.95,86279078179
B07H622BV5,5,159.96,86279146656
B07J21SZZX,0,0,
B0B6DKN3G3,0,0,
B07HBFWTX1,10,49.48,883049481357
B09F74BXMQ,0,69.99,883049543246
B0B3GFD2JB,10,56.51,883049588674
B0B3GNZSVP,10,58.42,883049594514
B07H9VK28C,10,52.79,883049481302
B087Z34G2Q,0,0,
B085VSMPH3,0,0,86279161345
B082DM585M,10,51.99,818558025228
B07Q5JNWHF,0,0,
B001QTVT4A,0,0,719812025599
B08BFS92RP,10,62.39,810043372220
B07VXVFKWV,10,31.99,817915026694
B09F7Y1LBF,0,0,
B097TCR97P,5,172,818558028472
B0B2WYJNP3,10,79.99,811572027865
B0B2WYCY98,10,79.99,811572027827
B097TCJQC4,5,127.96,818558028489
B0B2WXXBYK,10,79.99,811572027841
B0B2VBZ1ZR,0,0,
B003KYSLMW,5,84.98,86279168092
B0831R2K9N,0,0,86279174543
B0041A3KPC,10,67.53,86279031990
B08Y5R23LD,0,0,86279186843
B08K275CBP,0,0,86279182548
B0BB1G8XXX,0,0,
B0016HF5GK,5,98.44,11120000535
B097H6YNPW,0,0,
B08TDG7J15,10,29.44,12000207426
B083XB2K68,10,21.06,12000194658
B09QQQ6YSC,0,33.1,
B08CF97MBG,10,33.54,
B0B495SJP8,10,42.32,
B09L4WJ3TP,10,43.18,
B0B48Z27H3,10,33.52,
B0B8FRX8MX,0,0,
B0BD3RTTRR,0,0,
B08PP48979,10,22.38,810043373425
B095ZKF2GB,0,0,
B01GJOMWYC,10,34.21,50875817760
B002LAREDS,0,0,50875535855
B0922HN79S,0,0,
B091V9TL1B,10,41.81,
B09CHTZ4LG,0,0,
B001J1L59E,10,20.76,741393116977
B002R0EXP4,10,8.79,735343835537
B001J1L58K,10,28.34,21112345827
B00GFLN1AY,10,17.59,741393127690
B00GFLN136,10,14.17,14445108115
B06XPF39MH,0,0,
B09XB4CWGS,0,0,
B076VB5JFQ,5,119.99,687636002402
B07TFKWQ9G,10,14.39,682863401110
B07H7CKJLG,10,21.59,680499802172
B07H65KP63,0,0,
B07PM8SY6G,10,38.2,810006770841
B077NMPKBL,10,31.11,21241169547
B00FLYWNYQ,10,79.2,810028585201
B00C8C5I8M,10,23.19,634154356722
B092YYTTT5,10,47.99,885837024449
B09NGXCSD1,0,0,
B09G91CC89,0,8.02,
B00IE76Q7M,5,2.58,10900205177
B0737N6LWX,0,4.79,10900205030
B071K9D76J,0,0,
B08ZNM7746,0,0,
B08ZNL29JQ,10,32.07,
B08ZNFDNJ8,10,34.84,
B072K19MQV,10,16.42,853084004804
B008BKHGX0,10,27.96,853084004002
B001CH0ZLE,0,34.99,40094626823
B09MT71Q8K,0,0,
B09GXDDDRD,10,27.98,883049623627
B09MSNJ68V,0,63.79,883049623641
B09GYRFLC8,0,39.99,883049623634
B09MSP9FSZ,10,54.93,883049623658
B09GYQWXTB,10,38.96,883049623610
B09W3HY713,0,0,
B07GK7XKJK,10,75.61,883049478456
B01MSCRLJP,0,29.89,717056125105
B09YVVQMN3,0,0,
B08VRQ9KZP,0,26.49,817096017337
B00B58A0QU,10,43.55,817096011618
B00H4O1L9Y,0,189.39,10942214984
B08F2V36XK,0,125,86279174963
B00KLVY3TW,0,121.19,40094253616
B088DJJKZF,0,0,
B0B491D622,0,148.65,
B08CF6ZVMN,5,94.92,
B076FKHRLD,5,103.99,27043996190
B06XYBQM27,0,0,
B000K69SY8,0,90,40094316052
B07C9MZ53G,0,0,
B07C9CFNKG,5,119.72,752356824587
B07CT57D1L,0,0,
B0083I7TCI,0,86.37,12304291077
B09BZXLSSR,0,0,816458025805
B00NPYK18O,0,0,27043994233
B00CI51TO6,0,119.95,27043993052
B01MSZRJXQ,5,86.11,77782001686
B08L7RT646,0,0,
B07CN3FC1R,0,0,
B008ICA07A,0,130.99,400942975167
B00005YXC0,0,94.9,23596279148
B07BN6CKX9,0,72.99,40094937349
B00MF55AAI,0,114.88,639667998322
B08XRR7D2L,0,8.19,37000845645
B07Q6CPQK4,10,13.59,741663591572
B0BCWXGMQ3,0,0,
B07175GQH7,10,25.59,727536864905
B09Y8V4147,0,0,
B09BLG4G51,0,0,
B01KIFITRM,10,12.14,638455765184
B098RD17LG,0,92.99,622356582728
B01FHOWYA2,0,58.99,622356537070
B08QXJ31WR,0,87.99,622356569446
B00JR5AD6A,0,75.26,14444753804
B09V25XXWZ,0,0,
B08NXZJFQC,0,0,
B07Y9H1W6L,0,0,
B007UXTLFK,0,74.36,21111380911
B01EEK8MOW,10,71.99,86279112149
B09ZCG63DH,0,0,
B08FLBBSN5,10,41.18,883049546131
B08P2G8XH9,5,127.99,883049535449
B08FM25FHP,10,39.16,883049546162
B08P2FF47V,5,118.24,883049587264
B08BR48JBW,10,76.5,883049546049
B0B1HQNJGZ,0,0,
B07SW22CGP,10,79.78,818049021319
B0B9691S6J,0,0,
B0B7JC1YN1,0,0,
B0B7JGWRCY,0,0,
B07SY57S4Q,10,58.08,818049021333
B082BGL6CN,0,0,
B07F6T63Z9,10,21.18,814667023131
B07BZT7XF1,10,13.59,814667023124
B079MJ68Y9,10,15.99,814667022479
B07F6RGR3W,10,21.59,814667023162
B07KKFRX3V,0,0,
B07NSSCCLY,10,38.39,737353322946
B0B4FHZBDB,0,0,
B09WR21S23,10,31.98,769282538556
B09SGGSSG8,0,0,
B09SGK6PGR,0,0,
B0BBK2ZZMC,0,0,786985327188
B09MT4F3KS,0,0,
B07DD9YFJ7,0,0,
B08N5ST5VY,0,0,
B07CXVSMZ4,5,231.96,703113655432
B09M883KBD,0,0,
B004XK4N9C,10,39.99,622356529785
B098X6QPP6,0,0,
B081JBV8KB,0,0,
B07TXRDZQN,10,26.4,58465812119
B09YKYGYDM,0,0,
B082MXTTMX,0,0,
B00C5ZK93G,10,69.5,82677505026
B01HB28XX0,0,0,
B00LGRTH14,10,22.31,851877003423
B00OOCVDJC,10,20.76,799599561367
B00LET4PAM,10,22.39,791769454837
B09X7TVN1J,0,0,
B09SVV8BP9,10,40,82677001375
B09VYB1YTF,10,35.99,810061704775
B0B27L3B1D,10,23.99,810061705932
B07VCG32W6,10,30.42,884920365278
B00000JGRT,0,0,3902980593
B08QMNMYQ7,10,10.39,195702002640
B07X3KPGLD,10,31.99,842893117874
B00004RDF0,5,584.14,27208040805
B07RMY6DX3,10,26.39,610895385511
B08W9N6K1W,0,0,
B08W8LQSDL,5,103.99,
B09J69K6Q5,0,0,
B09NS25464,10,35.99,848057001751
B09HLCKGQW,10,11.96,848057002673
B09HLCFDFY,10,47.99,848057001942
B09CCTH32Z,10,39.99,710946019805
B0B495WSMB,10,63.92,
B08QD5NWNF,10,29.56,53891137492
B09RQ38MYK,10,72,611247396285
B08V8C8N42,10,78.4,611247391112
B0BC8X47PK,0,0,
B09RQ568FD,10,56.02,611247396278
B09345FQSF,5,97.46,
B07N3G8GRY,10,55.99,611247376980
B0BC8R6FMV,0,0,
B08TVMR33X,5,129.58,
B0788F3R8X,5,95.99,611247369449
B0BC8PJSRY,0,0,
B0BC8WJHT3,0,0,
B085M5Q2KC,5,86.38,
B08QJHP443,0,0,
B0896NP59N,5,92.62,40094499335
B00ZCKSAX2,0,99.95,86279089816
B077K9YW7D,10,79.96,86279129109
B01N006FAS,5,95.96,86279129604
B07RK591W6,5,95.99,86279147103
B08K1RN1FR,10,79.99,86279181985
B0BC8N8NHF,0,0,
B0BC8XSN17,0,0,
B095XDQPZC,5,158.4,611247391617
B0BB6174MM,5,144.78,
B0B96GZJ9B,5,115.16,
B09HMBTBSF,0,0,
B078BXRKST,5,153.53,40094499663
B095HZYNFM,5,130.52,40094499021
B0768NNG4X,5,89.6,40094499502
B07ZV7MLDR,5,91.99,40094499472
B087PVRC4R,0,0,850017018136
B08BYHBDJ2,10,21.59,850017018303
B087PTW7F5,10,23.99,850017018112
B087PV4TLC,0,0,850017018129
B086542M1D,0,0,
B07PJYQ38S,0,0,
B07YG7XMYX,10,39.99,
B016UO0I9W,10,31.99,791602854558
B09GB3T292,0,0,
B08QZSN97Z,5,171.99,622356569705
B0B9HN5YQD,0,0,
B0B1LB7Z99,10,71.19,622356585767
B0B5YG8Z3G,0,0,
B08PP1H7QK,10,76,10942227434
B099Y93R2Y,10,50.4,10942227700
B09DYMTCYV,0,0,
B0936Y757F,10,31.99,736617432094
B0936ZL1G3,10,31.99,736617432100
B0BC8QQTD5,0,0,
B08V8BQX2Z,0,108.9,611247386385
B09XC5HB4Y,5,109.59,
B0892TW82K,10,79.2,611247386361
B0BC8Q3CQ9,0,0,
B08V8C482X,5,87.18,611247391075
B09RQ4Z2X6,10,76.79,611247396261
B07DR69VLJ,0,88,611247373095
B07DR89BR6,10,75.99,611247373088
B08323WCV4,10,76.44,611247382165
B095SSSRBX,0,0,
B087V1F68N,10,19.17,769134701626
B07H9W1FQC,10,20.37,
B0047BIWSK,10,31.96,85276000831
B09YC8YCV6,0,0,
B08DH422N4,5,127.96,86279181732
B07WNRTDQ1,5,127.96,86279174413
B014W1C1H2,10,69.6,86279089779
B09XRLXBFS,0,161.92,
B07RCNHTLS,0,0,857561008798
B00EUC9RKI,0,0,
B00002N602,10,67.1,21112833867
B07PYLD742,5,126.78,75741017846
B002RL8XEU,0,0,
B002RL8XCC,10,50.39,631912473004
B002RL8XC2,10,50.39,781147906621
B002RL8XAO,10,36.79,
B00EZ41Y3E,10,58.39,
B002RL8XCW,5,83.83,60023500000
B00DR737G2,0,0,
B0002808Z2,0,499.95,73667864049
B0002808ZM,0,997.26,89149009419
B01J8C7FP8,0,0,
B01J78G9VO,0,0,
B00NROOUPM,0,50.98,798527530581
B00SX03IBM,10,66.39,
B00SX03I76,10,49.2,
B00SX03I5I,10,32.5,
B00SX03I08,10,27.43,
B00DGUSFJY,0,0,
B09XRMB85N,0,89.32,
B09XB3DSW3,0,118.14,
B002RL8X9U,10,31.91,
B00QWPZCCS,10,48.15,
B0843YQY3J,10,63.99,
B00IRXMRY4,0,0,
B00HQNH46C,0,0,
B08FCDJP3B,0,0,
B08DCJTRH1,10,33.97,812365034152
B00GRTHXOY,0,10,75741099781
B08M3QMRBS,0,0,
B08D93WZC8,0,44.99,657835442842
B000QJJ9NY,5,119.41,75741017556
B099RX3XK8,0,0,
B00F2F4MT8,10,58.72,
B00F2F4H1G,10,43.02,48621358247
B00F2F4F18,0,45.97,48621358230
B00F2F4JUU,0,70.59,
B07JYSJ3KV,10,39.84,
B09V7HRNT8,0,0,
B09YV7J3GJ,5,135.99,797439297841
B097T31JF9,5,87.99,719429782373
B097T5TSDB,5,119.99,719429366849
B084KW2LBH,0,0,
B084KW3NJD,0,0,
B084KV1673,10,66.39,
B084KWFGBJ,10,53.59,
B084KYJ1CV,10,67.99,
B00QWPYLNO,10,51.99,
B07CVQ9J5Q,0,0,
B07HJBLZGT,10,60,
B07Q3RQB7V,10,44.6,
B01LZSQO2O,10,54.51,
B07HCSKXK8,0,0,
B07HBFZXZ1,0,129.95,850834008105
B07HB8TXGF,10,71.96,850834008099
B07LGQF3L5,0,0,
B00QWPZ386,10,71.99,191169467862
B00QWPY6O8,10,43.99,
B00QWPYRXI,10,62.4,796483249837
B00QWPYC38,0,55.99,
B07Z9GRZRN,0,0,
B07HJ75HS4,5,87.96,850834008112
B07HJ92HKQ,5,95.96,850834008129
B07HJ8JR92,0,149.95,850834008143
B01K9DU43K,0,0,
B004RLWLFK,10,51.6,882630306239
B07HJ7Y6T1,0,0,
B07HJ7Y7T8,5,87.96,850834008181
B07HJ7SZDZ,5,95.96,850834008174
B07HJC4QJ1,0,159.95,850834008204
B07HJ9PRM7,0,0,850834008198
B01J79UFRC,0,0,
B00NRT7ZUO,10,36.19,
B00SWVB5B2,10,44.8,
B00SWVB5BC,10,42.5,
B00SWVB5MG,10,44.09,759284234990
B09LQ98N51,0,0,
B08L65WYCY,0,0,
B08L58HTPP,10,23.99,
B08L59YY8M,0,0,
B002MPQHB2,0,0,
B00EVR7HH2,10,57.6,791769531378
B002MPQH94,10,55.2,759284165232
B000GT5FKK,10,62.8,
B002MPQHA8,10,76,
B002MPQHAS,5,88,30842717
B07W7TW5KG,0,0,
B09HWVW6XW,5,84.64,652185346000
B09FNJWJWJ,0,0,652185332041
B074V28KLL,5,95.62,652185332010
B08DHM5M2M,0,0,
B00QWPXUZO,0,43.99,
B01EYI0DAU,0,0,
B07Y39FGVJ,10,50.32,
B01BZ93TIY,0,64,
B09RPVBWPH,0,0,
B019B1X2HG,5,311.2,669591466161
B019B1X2EY,5,343.2,669591466154
B08NV3D126,0,199,
B07VZSNLHB,0,0,
B0B1SM349Y,0,0,
B076CK77ZJ,0,156.43,883049453309
B07QCD9YS2,10,45.05,883049405070
B0B96KZG6R,0,99.98,
B09JTS2GN7,10,58.96,883049612188
B0B95V3FB9,0,109.96,
B09YVS7PFF,0,0,
B093XT5CHB,0,69.99,86279026835
B001G8Y2XQ,0,37,882507983891
B09QH51M58,0,84.94,86279179937
B000TVWFEY,0,39.95,86279019455
B08XK4SYV1,0,0,
B08WCJF86Q,0,34.97,860006157715
B0B7SD2J3G,0,0,
B08KKB855B,0,125.06,86279177636
B08KL8BHMH,0,55.99,86279175304
B08MBP4F25,0,79.9,86279178299
B08KL1DGTN,0,69.15,86279175335
B098KTK5TS,0,0,
B08PV5L29H,0,9.77,28901122737
B00PILGPMI,0,0,
B00C0QJXWS,0,74.99,757901560088
B00C0QJY0O,10,55.96,757901560101
B08YQYB7VF,0,34.95,701400837042
B097HCCSNG,0,0,
B08F2WDLXL,0,0,
B08BQZ3CT4,0,99,883049534794
B08BR6J3WT,0,99,883049544762
B08BQSSVY5,10,79.2,883049535203
B08BQQXB57,10,77.51,883049535234
B0871WXHW4,0,0,
B07FYBDTXS,0,38.66,706973373942
B0075WALL4,0,32,21112823356
B0B58YB4C8,0,0,
B09Q6F51NZ,0,29.98,883049609010
B07L5GHL1W,0,79.2,40094626533
B014CJR688,0,0,
B08Q7RJMG5,0,0,
B08LGG9CDN,10,31.02,
B09DZ4XH3L,0,0,
B09DGF5G9Z,0,30.52,50875001268
B09DGDYBPK,10,21.59,50875001251
B09DGDZ8D4,10,27.99,50875001275
B09DGG89GQ,0,32.7,50875001299
B09DGG91VK,0,26.69,50875001282
B0B395P6CM,0,0,
B088QWNQ1Y,0,19.99,
B00CPSRE4U,10,63.96,883049260846
B00CPSNCM8,5,103.99,883049260860
B00C9OQ47S,10,79.99,715933319470
B00CSMGN36,0,141.08,883049260853
B01BD4NA8A,0,0,
B079P89LWK,0,24.99,701607229282
B093PWFN9F,0,46.78,
B016CBFUV4,0,21.82,365250787041
B0B28QSNFV,10,18.39,746939931960
B093XMSFPP,0,0,
B07JVTXTGV,0,0,
B07G3NWDSV,0,52.95,50875823921
B07G3N4WMT,10,34.31,50875823952
B07G3NF5BT,0,39,50875823914
B00B2HRHGA,0,50.1,50875809369
B09XHQQWYY,0,0,767950973654
B07DVD8JP7,0,0,
B00BIBBIH4,0,38.56,12303151471
B09FJLLB9H,0,0,
B07PNKBW42,0,0,27043997661
B0B78G392X,0,0,
B0B4BRTPZ7,0,149.95,21614803177
B07NF8F45H,0,10.99,652267598518
B00C0QJWAQ,10,67.2,757901560071
B08R1PJHL4,0,9.99,700884009648
B086QYZ9XS,0,0,
B07C7KBBYC,0,14.99,
B00006IUWY,0,19.5,22333625156
B08HD236X4,0,14.99,757173336619
B07RD62X4M,0,0,
B0196B3OJ2,10,79.99,48894062018
B003UCG8II,10,21.58,48894034732
B07RK4JD7W,0,0,
B09R9CWM7N,0,0,
B092G3F21D,0,79.99,717056129189
B09Q6JZFX7,0,75.73,717056129738
B008GS8R3K,10,11.99,66831975757
B09NX69BBH,10,11.99,717056129653
B01H5FQ84Y,10,15.99,717056124931
B09R9Q1WTK,0,0,
B09NT2NJZH,10,39.99,717056129592
B09NWJKB87,10,14.39,717056129431
B09PQCGV99,10,19.99,670623902144
B09Q6J6QF5,10,19.99,717056129615
B09X95LBJ5,10,74.82,717056129912
B097F4QKVY,10,65.2,53891164863
B08BG7X5F9,5,95.84,53891134675
B09RBSXLJ1,0,0,
B00EPF5P1U,10,73.72,40094332618
B08Y8Q43TV,0,0,
B00KQMF2XM,0,0,
B00KD346MW,10,46.93,48894055133
B0B86QZ6JS,0,0,
B09MS3PH9T,0,133.65,
B08PWVFDMZ,0,0,
B07BHHCRMX,0,0,
B07B8P9JBQ,0,0,48894051098
B09W9H99DG,0,0,
B09W9GG69Y,0,0,
B09SH5LKZD,0,0,
B014IYC6AU,10,15.99,717056123798
B09Q78F17C,10,20.29,717056129745
B08CKCMZ4L,10,49.51,717056128236
B09Q75R6T1,10,47.99,717056129844
B0721P1VL6,10,18.39,717056125631
B08PQ2KWHS,5,149.24,810028582194
B08PPZWNCV,5,135.96,810028582217
B07F7ZG4FM,10,47.99,48894065743
B085LQVDZX,0,0,
B002G74US8,10,48.87,21112825657
B07RM7QJ1Q,0,0,
B08TG9S6TF,0,0,
B09C5L525L,10,23.99,
B089CTPJ22,10,21.59,782932825714
B008JR8ZR6,0,0,
B07PC8212Q,0,0,
B085HLDQ14,0,0,
B071HR78XL,5,82.4,40094334803
B00BKWIRGG,0,0,
B00ARSB8M4,5,148.92,70709303825
B008YEXC22,5,127.96,35909767860
B0196B3P1E,0,99.99,48894061998
B0B3QT6H7H,5,127.92,622356590730
B096RBS4L8,0,0,
B0B48WFXNM,10,55.98,
B08NHS8KZM,10,27.99,829486172632
B09W71DBNS,0,0,
B09VYD4443,10,38.4,717056130567
B09DFF5XV9,10,39.91,717056129424
B07D7R61JH,10,28.08,717056125860
B09Q33CN4J,0,0,
B0721CGB5F,10,59.99,50875818156
B01L8I3OW8,0,0,
B09SJLDX9G,0,0,
B09DGH8VGR,0,0,
B07TRQ4PQV,10,29.59,684079168573
B07S2WKQS7,10,32.79,697691198200
B07K41TWK8,10,33.59,745556980887
B085DL33FZ,0,41.99,
B07ZZ28T1S,10,33.59,
B09J2M94GM,0,0,
B07ZYZ7HFG,10,35.19,
B095KL6MH2,10,32.79,
B07ZZ16QG3,10,33.59,
B0BDSV5QX5,0,0,
B0B64N1D3Q,0,0,
B09VYB4QYC,10,27.99,717056130628
B0B6V1QNRW,10,39.18,
B08FVDX8N8,10,38.31,717056128762
B094WHGJWP,0,0,
B08P8CVS5J,10,47.2,84691857624
B09P4Y4WDT,0,0,
B097S1CZNP,10,34.8,816458020336
B0B6CHH42S,0,0,
B07HBK6LBC,10,55.99,883049480749
B007P2051A,10,58.1,759284174838
B07HBPQX35,10,73.1,883049480763
B008F18LGQ,10,58.1,759284024720
B007P205JW,0,86.99,883049255057
B08QZYYR27,5,93.71,622356569200
B09JKKV8KN,10,17.64,
B09CZNHG88,0,0,
B07HG9YGZY,5,90.79,817986029990
B0BBN5N7B4,0,0,
B0B1CKZZ4Q,0,0,
B07GV78ZKK,10,55.99,817986029280
B06VW23PKC,0,0,
B01IB17RLE,5,107.19,815658020375
B0822ZS2BY,5,146.96,815658024847
B01ND4JNO3,5,140.02,815658021389
B0B72DDHPK,0,0,
B0B1F4LBBS,5,95.57,190873007623
B09W4GL91J,5,159.2,84691881216
B0BCWZ1H2N,0,0,
B00GEC80EG,5,85.38,819813010263
B0856RPWGV,0,170.18,819813017767
B0859F6KTT,5,156.52,819813017781
B0856QMTYV,5,134.32,819813017743
B0859565VN,5,261.26,819813017774
B085FZXZJ5,5,135.99,810004819498
B08BJFY775,0,0,
B09Z3BNPCP,0,0,
B08NP76C3F,5,86.22,810040943126
B08Y8PRVNT,5,94.43,810040945427
B09QHK7CPH,0,0,
B08L6SZX3G,5,136.79,815658026179
B09WMYWN9D,0,0,
B09Y65RVQP,0,0,
B09WMVXCC8,0,0,
B0B4MSTSJD,0,0,
B09TQNF7BD,0,0,
B09SBSSDMW,5,165.6,810061702153
B0B96D5X6G,5,118.65,
B07YGYXD5J,5,103.85,82677001191
B08XY96T1F,0,0,810061700616
B0B491J8GC,0,0,
B08BJSQQ5J,0,0,
B07JYNPTX3,5,303.99,885170333994
B09NNHMD12,0,395.12,
B010RWYPBK,5,308.42,885170233447
B09WMZ8G5B,5,317.97,
B09NNJBN71,5,328.66,
B09CZRQ1WM,0,0,
B07HGHM83L,5,131.99,810004810013
B08ZB8DPLQ,0,0,
B07R7TNCX5,10,73.09,810004813991
B0BBW8P52M,0,0,
B071ZSCY1P,5,183.99,839724015508
B00GEC814A,0,99.99,819813010256
B09X1C8JBV,0,0,
B09WZBZTQZ,10,63.99,810061705345
B09W3XXT91,10,63.99,810061705017
B09S3Y5TGD,5,103.99,810061705086
B086VGQNYC,5,304.79,12505565120
B0B8RWQ2CB,0,0,
B07PQT144T,5,191.96,885170363632
B0B4M6WPQV,0,0,
B07PML33PV,0,319.95,885170360419
B09JCKB28X,5,239.99,885170391932
B081T6GZZF,0,169.99,687636004451
B00NXRHIO8,5,142.48,609311394732
B0B6D56WMJ,0,0,
B09Z17RX61,10,56.46,885170390454
B07PS1Q6YV,5,198.38,885170360358
B00BGTOEBK,10,61,819813010072
B00785MVRA,5,177.32,12301118872
B00BGTO21W,10,63.98,819813016531
B08CJJPGDF,0,0,
B085T3DKMQ,5,171.96,885170424869
B085T9BMQS,5,147.59,885170424845
B01C8582Y0,5,335.19,84691254379
B07VNT3L14,0,0,815658025554
B06WD3NMQ5,0,143.99,839724010176
B07281X8ZJ,0,296.8,12505563706
B08S18XRTP,0,0,
B07R7RTCC7,5,351.99,12505564932
B09NRPDRRS,0,0,
B087C6GGQ3,5,239.99,190873003137
B085P3GCJT,5,319.2,21614800077
B0BDR6PY6Y,0,0,
B0B87VZLFY,0,0,
B0B87QDM8V,0,100,755578125739
B01MV0E7BR,0,0,815658021372
B0913XX4L4,0,0,
B08K8VHM7X,0,0,84157200872
B077YM331D,0,0,
B07YBVVQSL,0,0,
B01DEWZUJQ,0,0,77192656827
B085T6RKF4,0,349.95,885170422636
B085TBF2Y2,5,235.01,885170422667
B085SVQY2Z,0,299.95,885170422650
B07QSCNMDD,5,118.34,819813016661
B08XP4M9FJ,0,0,
B003VV92MC,0,507.72,12505748042
B08C1GR2Z3,5,111.99,810004816770
B071VVNHM3,0,0,839724013276
B0BDFB46PC,0,0,
B0BDFDDS74,0,0,
B0BDFCQHQC,0,0,
B0B5YHF79Y,0,0,
B08JN2C5QT,0,0,
B08VPD4T8V,0,0,
B08FF4W233,0,0,74000621282
B01MY5PFUN,0,0,74000620254
B08747VSG3,5,262.48,12505565021
B07YD4QNYX,0,0,
B07JJXWB1B,0,376.97,79841224500
B09XJD2ZND,0,0,810040948176
B081V8SW8M,0,0,
B005GSPVHS,5,255.2,37988910151
B07F83M5G7,0,0,
B079CB4Y5V,0,0,815658021556
B07TM72TFX,5,202.65,815658020658
B0876HLWRN,0,329.99,12505565045
B0B6GP7L56,0,0,
B09S3Y97BL,5,180.09,810061701835
B0125ZKTP8,5,279.18,722651293067
B07W14YS72,0,0,
B0B1LDC7Z5,0,0,
B0B16ZVYKX,5,132.22,815658026438
B0B178DXK4,0,0,815658026414
B08HZDGZM1,0,114.95,85783497902
B09S4X59WF,0,0,
B004RT4J16,0,991.99,700613265864
B0BDRXFFTK,0,0,
B0BDRW13Z5,0,0,
B0BDRXMCPN,0,0,
B09X285XN4,0,329.99,196641014886
B08555X56C,5,111.26,67638023085
B082VCL6WZ,0,0,
B082VBTYDW,5,111.99,
B08RYPGQ5W,5,127.91,39206001023
B0B3D2KYNS,0,0,
B00DS4767K,5,591.96,21614056023
B0988KVMGZ,0,0,
B07SSVH7T1,5,499.99,53891128728
B096JDVJJK,0,0,
B06ZZ3MLL1,5,143.99,44387003858
B06ZY7R238,5,147.99,44387001854
B06ZYJBPM9,0,295,44387002851
B06ZYSWQG1,5,151.2,44387004855
B01M9FFL35,5,163.96,44387011808
B0B2WM52Z6,10,63.99,
B08MKQC1NQ,10,63.99,
B08NFMKHSK,0,104.94,53891150101
B0BB8TFTWT,0,0,
B07CTY9BFG,5,119.96,44387031202
B096JP876T,0,0,
B01M715YU0,5,187.99,44387124010
B096J7HHJV,0,0,
B01MFC73AZ,5,187.99,44387011679
B0B9NK9W4Q,0,0,764815833979
B07RC7L1LM,0,0,
B08KTK5L3P,0,168.69,816458024136
B09SDZNXY4,0,0,
B086H1W384,5,367.2,75020090652
B086H24F5F,5,359.2,75020090683
B07RQ3NL76,5,339.2,75020080950
B08JXH1BBM,5,367.2,75020090638
B09XFD216X,0,0,
B07S3XSJ2Q,0,0,663701814187
B0BCL2ST4G,0,0,
B01M4J94WY,10,43.92,
B0B7DZJF6P,0,0,
B09HKD3YYN,5,119.99,190873008552
B07VS4VH9C,0,0,
B073JH3TVV,5,249.56,44387786850
B072X3XZD8,5,279.96,44387486859
B072X2YD2Q,0,0,44387686853
B08CS4Z732,0,0,
B00F36V6ZE,0,0,
B00DS476HU,5,479.96,21614056047
B07TCLW2LT,0,0,
B0752XV66X,10,67.92,601263233923
B07S59PSPC,10,67.92,
B07S5Q1XC1,10,67.92,
B07S6S5SBS,10,67.92,
B0B1QJG72F,0,0,
B09R5ZP81W,5,199.99,53891166157
B0B781MWLW,5,142.91,810087843267
B088MGL4GW,5,199.99,884472026559
B088MFVBTF,5,191.99,884472026573
B09YCQ6JWZ,10,71.99,
B09LTYTBK1,0,0,
B09XRFHJY5,5,239.94,
B09L52BD8F,0,0,
B07ZL15ZNY,0,0,
B094YNT135,5,175.96,812895021844
B0049H9NLC,0,0,
B0B7Q4YQZ1,0,0,
B0B7QJCZ5B,0,0,
B003XV31IG,0,0,693042591003
B0B7PX9SFJ,0,0,
B00BY2UGZM,0,0,40634480069
B0B6FDM4ZH,0,0,
B0B5YFCBJ1,5,199.99,
B09B19NBGR,5,263.2,883049541655
B097P1Z25S,5,199.99,883049526621
B09B18V4B9,5,359.2,883049541648
B07VVMMMK5,0,0,
B08BSYMSJC,0,0,884472026818
B08BTB7JTX,5,207.99,884472026825
B07W8XPDV6,5,199.99,884472025767
B001CNG7RY,5,219.69,42822191047
B08ZPYR2N1,0,0,
B08PPWFJ12,5,119.19,
B08PPXN885,0,148.99,
B0BBZJYYD4,0,0,
B07Z2X25SY,5,399.2,810002433283
B0971GRPLD,5,108.07,
B09SGK6Q85,0,0,
B099YT9MYG,0,0,44387915502
B0B19FKJ6D,5,519.75,
B09DD1TGB2,5,127.99,712858889231
B08FKCV3WT,5,100,647213148251
B096JN6P5C,0,0,
B0B35Z5XWY,0,0,
B0B1JPMYT2,5,2239.96,21614801234
B08FDQFC7T,0,0,783902810303
B0B38KFWNK,5,949.59,44387290432
B0955Z99GM,0,0,
B0842H88XD,5,260,647213148091
B097DCNLL6,5,103.92,
B09HLB4DP4,5,239.2,44387088503
B08X6V726H,0,0,
B09RV4VSWK,0,0,
B0BCL36Y8F,0,0,
B0B86WHCK3,0,768.33,
B09WHP8WKP,0,0,
B09W9HQR1F,0,131.77,
B0093FRXEE,0,119.95,735343034183
B097XMD9FH,5,159.99,
B09XDSM49C,0,0,
B08DHW3GGG,0,899.95,44387933544
B003D66TXA,0,108.99,21112826180
B08CXPRGQ7,0,89.99,
B096JDY956,0,0,
B07Z76BF7S,0,0,44387022804
B07ZG44HGR,0,79.99,
B086H42T3V,5,367.2,75020090669
B0B86TQZRF,0,0,
B08L6GS5WZ,0,0,
B07SQBM1N8,0,228.96,21614800176
B0B3CNT67G,0,0,
B00VTA9F6U,0,54.9,
B0B1JPPG2L,0,339.99,21614803269
B09D7KV2NV,0,0,
B08YDSN7R5,0,64.99,
B07KQVH6CW,0,0,
B077ND88HQ,0,69.9,601263234098
B077NH2NLH,0,69.9,601263234197
B077N4YY2S,0,69.9,601263234081
B000U6BSI2,0,69.99,72179229889
B09L4Z8W8J,0,297.44,
B08PPXFSFV,10,79.2,
B001CZJIPA,10,17.35,66510495101
B01BZHFA88,10,37.96,96506085320
B01IB76EHG,10,23.99,96506085221
B07HXPDTNN,0,0,
B008JFEFUE,10,12.58,80694537181
B000GUEAVO,0,27.99,38472315575
B01HLV5LEA,10,16.72,704270499198
B07Z1S8VCN,10,16.72,
B07Z1SJX24,10,23.99,
B07Z1SPNLH,10,16.72,
B085VF13KY,10,20.39,
B095CHBBTC,0,0,
B09PFMKNQ9,0,0,
B01D1T9LYW,0,0,877706006816
B07L4PWG31,0,0,
B09JRNH66M,0,0,
B09G8THD56,0,42.99,840216305571
B0030I3Y48,0,0,
B00RXXD41E,10,59.96,855333000476
B00RXXM42E,0,69.95,855333000537
B07BQFC6KW,0,0,
B01HSI7O32,0,19.99,705020588285
B08QMWXR61,10,17.59,887228843776
B099PVP2SH,0,0,
B09T45KLH2,0,0,
B09H3W5XF3,0,39.99,840216304956
B09H3TKBLY,10,31.67,840216305052
B07G3KGRWB,10,55.99,856284008511
B09K5S3S7H,0,0,
B08J3YGRFS,0,0,
B08J4B37M4,10,20.79,782912260634
B09H5SDQCZ,0,0,
B01GNYLOOW,0,0,704270498788
B071P476PW,10,39.99,712383996510
B01GNYLP0U,10,35.19,704270498795
B0728D6C3W,10,26.23,712383996558
B07Z35G2CT,10,28.86,
B07QBYHCDZ,10,16.79,632202587524
B07QBYW6T6,10,16.79,632202587517
B097R85B8Y,0,0,
B07F58Y14F,0,99.99,851164008841
B07F4SJ2X7,10,79.99,851164008902
B09QSJZQRZ,0,0,
B07F24VMZY,0,49.99,819615020897
B071X9PTYV,10,71.99,885837014358
B08CY63Y6Y,10,60.79,885837022353
B08CY89RD7,5,97.4,885837022346
B08CY696SC,10,59.99,885837022339
B06XRXC6DV,5,195.04,51153168024
B00TQJWF1I,5,159.99,32406055629
B004KSN8XY,5,91.99,12302753119
B074817DK1,10,50.98,885169695515
B0B8KYSMY8,0,0,
B08K3XQ6CQ,10,50.18,885837018240
B0876FXFFS,5,92.79,885837021721
B092LLSQJQ,0,0,
B08WJHWJ9Z,0,89.95,80313074141
B08D3HVKTH,5,95.99,729993030671
B0B9HTC7Z5,0,0,
B0B7Z7ZH4D,0,258.97,16853109562
B08F4ZLVJ6,0,0,
B005YQZ1KE,0,79,32406047556
B096NRM93T,0,0,
B096NB7Q2F,10,55.99,829486174384
B096N8JZBX,10,55.99,829486174377
B09C6RJ4YX,10,68,885837028201
B0B8R5GZXF,0,0,
B0013266TS,10,37.42,781147749655
B09MF3GYRF,0,0,
B0979CV2L5,5,118.39,32406066724
B07WX6T12K,5,101.92,32406064003
B093VGFQ4Q,0,0,
B08FCYC3VY,5,168.6,80313072918
B0B4DP2VZS,0,0,
B0B1S8KPT5,0,0,
B00JBCFSZA,0,189.99,51153876356
B00J9FFP98,5,151.99,51153876301
B097J87HMM,0,0,
B07XLG5XCP,0,174.95,885837018509
B09RG65913,5,119.99,885837031140
B07XLG5XXL,5,129.59,885837019926
B07JX1J44M,10,51.99,885837015720
B089P3S9D9,10,79.99,
B0BBWKZ5FJ,0,0,
B0B75YK1NQ,10,44,850034860176
B0B761CH2S,5,156,850034860213
B09DRQ6FX1,5,112,850018259057
B08CS78XZR,0,0,
B08CF8JDKW,5,102.96,
B08CF6Y4RF,5,106.96,
B08CF74NWS,10,78.91,
B0B86TYRHL,5,583.98,
B0B95YL73H,5,503.98,
B0B966YKR6,5,319.98,
B0995K37GS,5,111.99,622356571470
B00HQWONBW,5,159.99,16853060665
B08DVG3LK4,0,96.99,842893130798
B07Y2K1DNZ,0,76.64,32406064188
B07Y2JWY3H,5,89.47,32406064171
B0B8P6BQ6R,0,0,
B08PNTWGLP,5,90.45,885837024982
B06XDRG6G8,10,42.6,885837013351
B06XF4WBD7,10,23.92,885837013290
B0722PMH3F,5,128,885837013382
B0762NPW9B,0,0,
B002WPHUEA,10,31.96,86279027351
B002WPG0NM,10,43.96,86279013583
B003CT3404,0,39.99,86279031136
B003CT340O,10,43.96,86279031167
B09SGJ64CF,0,0,
B0B6V53XWH,0,0,
B09RV31BR8,5,227.98,
B09W9GZJZQ,0,289.94,
B09J7S8QKS,0,0,
B08DG7K55V,10,74.8,842893129655
B084KNY1VH,5,93.59,842893123486
B09C7LLQLS,10,71.83,726111540821
B096NNWWWR,0,0,
B096N83638,10,39.99,829486174360
B083Z7X8K3,5,108.16,80313029844
B09KH2H8VD,0,0,
B09HNG8CH2,0,0,
B07RT1VW95,5,170.45,51153121487
B07RWNRJ2V,0,169.99,51153121463
B07RW7VVYR,0,236.89,51153121470
B07NWBB9FZ,0,0,
B009P486BW,5,175.96,86279051370
B09BG71TR3,5,111.92,80313077869
B09CF4LGN5,10,15.99,80313077838
B09CG6JF9L,10,23.99,80313077845
B09BKS6D3V,0,0,
B09W2PDQD3,5,143.99,
B09JD8XRGC,0,0,
B07XDCXSD5,10,17.59,80313026195
B08J89G76P,10,19.42,80313075094
B01F0EP8XE,10,75.8,11644907136
B00655NU4M,0,37.99,26177000483
B001V7EFHA,0,190.26,
B003YKGRQE,0,0,70687101314
B09BWMT3GP,5,143.96,840595107629
B09XHYX7PS,0,0,
B09Y2GX811,10,79.98,622356592192
B09SBRW3B9,0,122.99,622356588942
B081H66P5Z,0,0,
B07MMNVMGS,10,44.31,51153476839
B07NH5D5PQ,10,27.99,51153476815
B07Y46ZDPK,10,21.97,51153477676
B07MQXKX74,10,55.99,51153476822
B08BK247D8,0,0,
B076N4RC6T,0,20.99,878201005922
B076MXM589,0,22.99,878201005939
B076N3PTBT,0,19.99,878201005915
B08N5B9V6Q,10,31.99,720189169045
B07FPXPLDD,0,0,
B00KMDM2MO,10,47.96,16017011908
B00KMDJ5Z6,5,114.46,16017076143
B00KMDGZZ4,10,64.98,16017076150
B00KMDKWGW,0,74.95,16017011915
B07FL8FZ5H,0,79.95,16017130845
B0012BR1XU,10,16.43,28901002732
B01MAWQSW5,10,71.99,68888771153
B002XG15VC,10,17.22,812944005740
B00CC3HU1U,0,0,
B07RJ2XY3C,10,31.99,751474007711
B079NRYKMZ,0,0,
B001VZCP8I,10,13.58,735533413156
B00VV5KRD8,5,7.6,50716005646
B01A5KLUG2,10,10.39,662211372439
B001V7G7OE,0,136.85,786173712826
B08JWV9SNY,0,0,
B01N0Z8G43,0,0,24147285564
B09ZVKVXDT,0,0,
B086VNDWRS,0,469,24147263531
B07S36C127,0,119.99,843797121547
B0018A94QM,10,47.96,86279023292
B09S25YH4T,0,0,
B09CCDNY42,10,31.96,810070083496
B009IH0PVU,10,58.39,77924019036
B09QMVGTS7,10,43.96,810070083861
B09QMVVKSY,10,43.96,810070083854
B001VZ6YBC,0,0,812944007683
B09D8V21NM,10,31.96,810070083304
B0815KW5YN,0,0,
B083ZGX8QG,10,75.96,810007835631
B09S2FJ1X7,0,0,
B07XSFP5BF,0,0,
B08RLQSY33,10,44,810028842793
B09PML7MK6,10,51.96,810070080594
B09SQRDJGF,10,26.36,810070084783
B09D8RVRSH,10,39.96,810070080563
B09D8R8M4Z,10,22.36,810070080495
B0BC2CM1RF,0,0,
B084BV31X5,10,76.44,631444007432
B084BPLM1T,10,47.99,631444007449
B018MMIRZ2,10,55.99,631444005056
B097C4Q3RW,0,114,631444008354
B09V3DCMGS,0,0,
B076ZKZD1B,10,10.39,41967294156
B0B18PLGBL,0,0,
B086R3LFBW,10,14.94,70330659131
B07CYQDDHC,0,0,
B0779P1SBH,0,0,605296002518
B0043S06GI,0,0,605296100030
B01IBVUY6Y,0,0,605296008015
B0779KPX4D,0,0,605296001535
B09S27GQGS,0,0,
B09D8RTD17,10,26.62,810070080297
B01KXHGYQ8,10,23.34,810497025697
B08RLLK79J,10,45.94,810028842472
B08WX2QWC5,10,25.31,810028842403
B08RLD5QLW,10,25.56,810028842373
B09S5DN4GP,0,0,
B00XC9OL6K,0,0,810922021713
B071RVTRJC,5,7.99,810922028651
B09X88QTYV,0,0,
B09LXNBPTC,10,15.96,843654006734
B09LXM9LSP,10,34.04,843654006727
B08PDNJ9L7,10,14.39,843654004921
B09X9M3SWC,10,30.46,843654008615
B09LXRG5JG,10,34.04,843654006765
B087CSFW5M,0,0,
B07RZ2335D,10,16.79,885395500584
B010855QLE,10,20.99,372426757630
B07RWKM1QN,10,26.39,885395500713
B07S281DCM,10,19.79,885395500706
B0855B4QZR,0,0,
B00HA2ZKFQ,10,22.39,849102012029
B084Q9W3MH,10,43.4,831345007504
B09TQSB34W,5,86.38,
B09TQTNC1Y,5,88.18,
B09TQSJJJ7,5,87.98,
B09QLNYQ2S,0,0,
B07TJQ6Q3H,0,0,
B07T6HHKVD,10,21.59,192602009564
B091GFJ1BT,10,23.19,192602507510
B09TFK5BP1,10,22.39,
B08MPVS365,10,22.39,192602506285
B07WNLW3P8,10,20.79,192602008703
B07GXTD8VS,0,0,
B01JBSEG7O,10,10.79,716106802676
B00GV480YW,10,13.16,716106707391
B07KDSLV5Z,10,13.58,716106892530
B0748LLJBG,10,13.56,716106835063
B091F2VXMB,10,14.39,888254130359
B09YMTNFY8,0,0,
B09TLG473M,0,20,717064949175
B09TLCYDJX,0,20,717064949090
B08TQN47PK,0,40,717064934553
B09TLGM6PD,0,20,717064949168
B094DXJZPN,0,0,
B07CC49R4C,0,27.5,860290001237
B07C42KZDD,10,21.92,860290001220
B01N69RARX,0,34.99,860290001299
B01N1L8SKX,10,35.99,860290001282
B07C46QPTR,10,23.99,860290001244
B01ENDRIXG,0,0,
B00SV0KLNM,10,38.38,883698540221
B004C0RAC0,10,40,756155263011
B004C0OGDG,10,35.84,883698800691
B08RLYZ8XV,10,44,883698995038
B00PUDI2Z2,0,0,
B076D1K6HY,10,9.6,886798011110
B01LA75IK8,10,12,886798002040
B074P575HM,10,12,886798007762
B01LA75RCM,10,12,886798002033
B07HGRWG1T,10,16.79,372482691916
B0B54W9KG6,0,0,
B07STX56HJ,0,0,855102007286
B07SSV8RJ2,0,0,855102007293
B01LZR4OEC,10,29.6,735533198879
B0855R418S,10,73.6,705016353439
B0B995DZL8,0,0,
B0B4PVSM9K,10,43.99,
B0B4PX7KP9,10,47.99,
B09SBJ8SWR,0,0,
B07HYSS699,10,27.91,717056126775
B08BSVLY75,10,50.5,717056128472
B07NXF745L,0,0,
B07SD8ZRFX,0,0,
B09RLRHGH4,10,10.39,850024568983
B08QXMQM9J,10,10.39,850024568174
B09BZZZFW3,10,39.99,850024568716
B08QXN4BC8,5,6.39,850024568181
B08QXYK8K5,5,5.59,850024568204
B08NXQCF9T,10,31.99,850007398996
B09RKVRGVF,10,10.39,850024568990
B09C6KZRJ4,10,10.39,850024568723
B0813XJT5M,10,10.39,850007398491
B08QXCRGJK,10,10.39,850024568167
B0813YGHYJ,10,10.39,850007398507
B08QY31L57,10,10.39,850024568150
B08S2RCWQR,10,10.39,850024568341
B0813YRJXG,10,10.39,850007398484
B09BDXS4GV,0,0,
B01F3QQXBK,0,0,
B097MF1WVZ,0,0,
B09J4WW1F4,0,0,
B09RHXFZW3,0,0,
B09P963MTC,0,0,
B001AZIM68,10,52.25,735343830198
B0B72GKH9T,10,38.95,764271763100
B0B96N188K,5,80.04,
B00NIR9MT2,5,91.5,98268117820
B08MKT9B7X,10,39.99,
B07KPYV4LP,5,159.99,
B07B8GX69W,5,115.19,
B08R9PDXR8,5,119.99,194343113845
B07XNSDTK6,5,106.39,
B07Z3JMBPR,5,119.99,
B08RDL7RK6,10,79.19,194343113883
B07KPZ1DR3,10,79.53,
B08RDP5Y66,10,56.39,194343113890
B08R9LKHZ9,5,87.99,194343113821
B08R9M7PN6,10,51.46,194343113838
B08B3CF61V,10,79.99,194343004945
B088CTM1S3,5,108.79,194343002859
B09TKXDPVX,5,159.99,194343120034
B08NYCNF28,5,143.99,194343112565
B07Z7Q97KL,5,159.99,
B09CD3T5RN,5,127.99,194343117485
B08Y6SS15N,5,143.99,194343115146
B082ZXS7KL,5,167.99,
B08761PNHW,5,159.99,194343002378
B0875XFWRH,5,111.99,194343002347
B0875MCDM8,5,103.99,194343002330
B08N4N4C58,5,111.99,194343112008
B08N4Q85J6,5,119.99,194343112039
B08Y48XJ4H,5,85.27,194343115054
B08LVRC3M6,10,74.87,194343110967
B09FG89P52,5,103.99,194343117577
B08NPR1XTP,0,0,194343120096
B08NSXGB4R,5,131.19,194343112718
B084WQDG84,5,148.78,194343000695
B07ZR3XM45,5,111.98,
B07Q22LYTW,5,111.99,
B01EYEBS4O,5,111.99,
B09STKYJ6H,5,127.99,194343119335
B07ZR3CRY6,5,111.99,
B08NSH41S5,5,167.99,194343112640
B08HCW72KP,5,143.98,194343008707
B07PZB31NJ,5,103.99,
B08ZHQM9SM,5,159.99,194343115450
B097XS8G44,5,87.99,194343117157
B08K8B59KK,5,103.99,194343009674
B08W4V2ND9,5,95.99,194343114828
B088WPLW6R,10,79.99,194343003535
B088WS8T2G,5,103.99,194343003542
B08THSSXRW,5,121.59,194343114477
B01EYFNEAE,10,79.99,
B08R57TBQQ,5,95.99,194343113814
B09Z479QXG,5,97.59,194343121000
B0987GYSS2,5,84.79,194343117218
B088RG3CZC,5,140.79,194343003474
B08FR5NFL9,5,127.99,194343007571
B088K1SWQS,0,0,194343003351
B08PDW1PVK,5,103.99,194343113159
B08LZ1DCLD,5,111.99,194343111384
B08FQTSDQ2,5,111.99,194343007601
B094VL5VHZ,5,95.99,194343116655
B07ZFM72ZS,5,83.99,
B09B9X3N4V,10,79.99,194343117393
B098Q2RPMW,10,79.99,194343117256
B09B9V5MVW,5,92.79,194343117409
B09TKTYKR5,5,95.99,194343120072
B07SKMGNH3,5,119.99,
B07JMZVC3C,5,95.99,
B07XJ4MJWS,5,116.78,748661526773
B09XGSV576,5,119.99,194343120690
B085FSWCH4,5,84.79,194343001173
B07ZBC1CMB,5,95.99,
B07ZBBPMXC,0,0,
B07PVDVLF3,5,99.19,
B093H29B43,0,0,
B07M86GGCL,10,64.86,
B07FMSSFMV,0,0,
B07JMNFNBW,10,72,
B085DCPQB8,5,89.59,194343001166
B08VD6YZPJ,0,0,194343114552
B08JC7HMV5,5,87.99,194343009148
B089779HX8,5,87.99,194343003849
B08N4RYKRT,10,63.99,194343019987
B08MTPLCJC,10,79.99,194343111919
B0912ZHRN6,10,79.99,194343115498
B083Z2SV3G,10,79.99,
B08PJWMQWW,5,116.79,194343113272
B07PWBVQ1J,10,76.79,
B0B93XH7RP,0,0,
B07M5CLPYD,10,72.8,
B07CPQJ6D7,10,76.8,
B09LS2G5GV,10,71.99,194343118604
B07KCTRG5L,10,68.79,
B07RM3YZYG,10,67.18,
B09XF2B7RX,10,71.99,194343120614
B07GT27NCR,10,79.99,
B09K3DYZC7,10,79.99,194343118260
B09JP5HKQL,10,70.39,194343118222
B07TLK6QHD,0,0,
B09FF2T69V,0,0,
B085NHS29R,5,135.99,194343001463
B07VHTDGSW,5,111.99,
B086272421,5,87.99,194343001715
B07BDJGX57,5,95.99,
B084562NV5,10,71.99,194343000442
B0842MVK7N,5,95.99,194343000343
B08N43GF6R,5,100.79,194343111940
B07Q7GVZV6,10,66.39,
B08NBZ8339,10,71.99,194343112343
B07QW4Q9RX,10,70.39,
B0842NK8MT,10,76.79,194343000367
B07179YRBW,10,79.99,
B07L2ZKCQZ,5,87.99,
B08NCJ55HL,10,63.99,194343112350
B07L2XZ1VL,0,0,
B08SW58PVC,10,79.99,194343114217
B0863MTY86,10,76.79,194343001777
B0825JR5LK,10,68.79,
B07H8X8764,10,55.99,
B081Z64PQG,10,63.99,
B0855Q621Z,10,60.79,194343001005
B0852WPFGZ,10,59.66,194343000886
B08ZXW6MW8,10,79.99,194343115634
B07YJLTQRD,10,60.79,
B083W6TBL5,5,127.99,
B086W2MDSJ,5,114.38,194343002224
B07KG67ZQ5,5,114.38,
B0815S1W1V,5,111.99,
B08FQPLS2K,0,0,
B07GS1LRDY,0,0,
B07GS156WC,5,87.99,
B091DZN5JG,10,79.19,194343115894
B092MHZ1L4,0,0,
B09JGCHLD5,5,127.99,194343118208
B08DY978W2,5,127.98,194343006765
B088BV4L8S,5,119.99,194343003061
B07QVZYH13,5,111.99,
B08DY962NK,5,111.99,194343006789
B08W4W7V1L,5,95.99,194343114835
B08ND6DZKD,10,76.8,194343112442
B08FR5SMRW,5,87.99,194343007557
B08ND4SP18,10,78.39,194343112435
B0B8ZDPYML,0,0,
B088DBDSTH,10,57.59,194343003139
B08Y6LLFKN,10,63.99,194343115160
B08K8RG55K,10,67.99,194343009797
B0865HMGP7,10,63.99,194343001784
B086W2HHR7,10,67.99,194343002231
B09W9JBH9R,10,71.99,194343120447
B09BMRBYJY,10,71.99,194343117430
B07H3MZ41N,10,60.82,
B07Y8LWQC4,10,58.95,
B08NDZ1119,0,0,
B084SDTJNW,10,71.98,194343000558
B08ND48KMW,10,63.99,194343112428
B0851G6TQQ,10,67.19,194343000800
B07VF45PPL,5,123.99,
B07H48B4T3,5,127.99,
B079Q27T2V,5,119.99,
B08FLKB4FP,10,63.99,194343007441
B09MCWXJHV,10,71.99,194343118741
B08MX4FC78,10,75.99,194343111728
B08D3M5TX5,5,87.99,194343006000
B088RH3VB9,5,82.39,194343003504
B097XTS8FK,5,87.99,194343117164
B08ND7F7TS,10,79.99,194343112510
B07XY233G9,10,71.99,
B07TVJ25WD,10,59.19,
B09LYT53YD,5,95.99,194343118581
B08CV1G7ZN,10,79.99,194343005690
B07NS5NSPV,10,79.99,
B089LDYZG2,5,95.99,194343004075
B07BJ4DW86,10,71.99,
B07W493YFJ,10,71.99,
B08PCKQ5KV,10,79.99,194343112879
B08DTJQ4YB,10,63.99,194343006611
B09C75V41P,10,70.39,194343117461
B09YV53JLP,0,0,
B09LYMWWWJ,10,71.99,194343118574
B088K6VVXB,10,71.99,194343003368
B08DS9Q11M,10,64.79,194343006604
B097XLJH9C,10,68.79,194343117195
B087LW6WTS,10,58.39,194343002606
B07BNLKZ9D,10,58.39,
B08T9L9YBY,5,87.99,194343114255
B08T9L9HRY,10,79.99,194343114330
B07VLY8SR5,5,83.19,
B08SJJMPBH,5,87.99,194343113920
B07NXTKYQP,10,79.99,
B094V6H6NB,10,79.67,194343116662
B07V66P4FB,5,84.79,
B08FDHS55T,10,74.39,194343007106
B0837LWCSM,10,79.99,
B07XY136HR,10,63.99,
B08T9JG9H9,10,71.99,194343114323
B084VGDD7M,10,57.59,194343000602
B08FHZRHSW,10,71.99,194343007205
B07Y8GLHSS,10,68.79,
B07PNFY7Q1,10,58.5,
B071FG8LXJ,5,135.99,
B081SNK5NP,5,119.99,
B08HMN28FH,5,119.98,194343014043
B08HMMKBBC,5,127.99,194343014067
B088WRHLMN,10,76.79,194343003528
B088WF4J8K,10,68.55,194343003511
B09J4DZQ7B,5,103.99,194343118178
B096M9XDRM,5,84.99,194343116945
B0876N9PHW,5,93.25,194343002392
B0876NHY6T,5,81.64,194343002385
B07L633L7B,10,77.51,
B0876MGDMK,5,82.27,194343002446
B078H82KJP,10,71.99,
B01MQJNVBO,10,71.99,
B08XQFQBHQ,10,71.99,194343115023
B078HB646M,10,71.99,
B096M9YM6D,5,91.99,194343116952
B089Y6XG2K,10,75.19,194343004730
B08H2BDMPP,10,58.39,194343008615
B08XBMZ4W6,10,74.39,194343115009
B07M66Z35Q,10,67.99,
B07MDJXBHB,10,67.99,
B0795T91YP,10,67.19,
B09V19B24W,5,111.99,194343120188
B0928YMWT9,5,111.99,194343116280
B08HWTQNYS,5,91.19,194343009117
B08GCCHSJY,10,75.19,194343008356
B074PNBD24,10,63.99,
B078YKGV5C,10,63.99,
B08RYGHSNK,10,79.99,194343113869
B0815TFSJN,5,122.39,
B086W2DS34,5,87.99,194343002194
B08K3DPCTG,10,56.4,194343119588
B092KFMM9M,5,81.59,194343116297
B07XXVB1G2,10,68.79,
B088K61M6S,5,122.39,194343003344
B07QB6QKKF,10,68.39,
B08JSXNVKR,10,71.99,194343009612
B08PCKYHR4,10,68.79,194343112794
B09JVZ9GHD,5,87.99,194343118185
B08FB44S8K,10,75.19,194343000619
B087MDC36F,10,63.99,194343002637
B08PCM1VZG,5,151.23,194343116259
B095JT9M9Q,10,55.99,194343116792
B07JN8P9V7,10,47.99,
B0854H4ZQJ,10,54.39,194343000992
B08FR7X14C,10,47.19,194343007540
B08FWQC97Y,10,37.51,194343007977
B083ZCR7N8,10,47.99,
B074374JFG,10,52.79,
B09NKVZZS1,10,57.59,194343118697
B01G6QZ7KO,10,55.99,
B088D63LL5,10,51.99,194343003153
B07JNFKYC3,10,50.39,
B01LLFF6Q0,10,55.99,
B089Q2ZK6R,10,49.28,194343004334
B07B9V6YLV,10,57.59,
B08KXJD132,10,55.99,194343110073
B08FT9L874,10,60.52,194343007915
B08FT9H4B6,10,55.99,194343007892
B089SVVH4X,10,59.99,194343004594
B07XL2X27V,10,63.19,
B07PKP7SY9,10,63.99,
B086TY1688,10,60.79,194343002064
B0786BN4WY,10,44.79,
B09VXKJW1C,10,63.99,194343120300
B09VXDRS1Q,10,63.99,194343120294
B09VXKZD85,10,63.99,194343120287
B089SW3PWS,10,59.19,194343004600
B089Q1MJJN,10,47.99,194343004310
B07YYSTRFC,10,63.19,
B07BND5QFD,10,63.99,
B088D2DHYS,10,65.59,194343003146
B07XM74MQN,10,45.59,
B07NYRS2WN,10,60.79,
B07TWLTLBB,10,67.99,
B09JK338L6,10,55.99,194343118246
B08KD13TCV,10,71.99,194343009803
B0912DKTH4,10,71.99,194343115481
B078GLLHBL,10,63.99,
B08FX2FXRP,10,52.79,194343007984
B09VKKXFLY,10,51.19,194343120324
B089STGGNM,0,0,194343004525
B012VIROU2,10,55.99,751823256197
B07H3SYFKC,10,39.99,
B07FNHP3ZL,0,0,
B07TS5SLB5,10,55.99,
B09W9PLNK4,5,111.98,
B07P3HYVPD,10,55.99,
B08GYWWSH1,10,71.99,194343008523
B07NNFQT6T,5,80.05,
B08SQJBCZV,10,79.98,194343114057
B08SQRTZKX,5,87.98,194343113975
B08NSXQ13V,5,135.98,194343112695
B07XXZSLCC,10,47.19,
B00XXTBEOG,0,0,
B07F6Y8BHR,10,55.99,
B08ZY3ZGMB,0,0,
B097PGP73Z,10,47.99,194343117126
B07TNY8M8C,10,63.99,
B083LQRY6V,10,63.99,
B08YK55JD9,10,55.99,194343115245
B083BL4MWV,10,60.79,
B07SMR8FLS,10,60.79,770523729497
B08CRT4BB3,5,95.99,194343005669
B0896QJT96,10,63.91,194343003856
B083BL56FJ,10,60.79,
B0822FGTH8,10,63.99,
B08SHWJWY3,10,60.79,194343113913
B08FDGCKP8,10,70.39,194343007083
B095VMGT2F,10,59.99,194343116914
B07W4Y7RYC,10,59.99,
B095VZ3DRW,10,59.99,194343116921
B07QW78HM6,10,60.79,
B08BFGWHHZ,10,63.99,194343005355
B08BCRTRV6,10,63.99,194343005300
